INSERT INTO
    Project (idLeader, name, summary, description)
VALUES
    (17, 'Abyssal Dungeon', 'Êtes-vous prêt à relever le défi d''Abyssal Dungeon, à affronter l''inconnu et à plonger dans les abysses pour découvrir votre véritable héritage ?  Oserez-vous braver la folie pour répondre aux questions qui hantent votre esprit depuis trop longtemps ?', 'C''est quoi ton projet ? Présente le :


Abyssal Dungeon est un RPG/Rogue-like où l''ennemi est le donjon lui-même. 
Cependant, les personnages entrant dans le donjon ne se doutent pas qu''il est sans fin et pensent devoir expier leurs péchés commis avant leur mort. 

Vous traverserez différents biomes représentant les abysses tout au long de votre recherche de réponses. 
Votre personnage sera unique en fonction de vos choix concernant ses caractéristiques et ses compétences. Nous avons opté pour un jeu en pixel art avec une vue 3/4 à la manière de The Binding of Isaac. 
Le labyrinthe et la disposition des salles seront générés de manière aléatoire.  Tous les 5 niveaux, un boss sera à vaincre, et vous serez récompensé en conséquence.

Venez postuler pour cette aventure au sein d''une équipe conviviale et motivée !
Transmettez-nous votre Discord dans votre candidature



Quelle est l''origine du projet ? :

Le projet est né de la volonté de permettre à des passionnés de créer ce qu''ils aiment avec une petite équipe d''amis déterminés. 

L''objectif est de s''amuser tout en réussissant à créer un jeu qui réponde à nos attentes en tant que joueurs.'),
    (18, 'Big Drill', 'Big Drill est un jeu vidéo de gestion, où le joueur doit conduire des véhicules et gérer ses employés, pour exploiter des mines sur une planète désertique.', 'C''est quoi ton projet ? Présente le :

BIG Drill est un jeu vidéo qui se déroule sur une planète désertique bien loin de la Terre dont les dunes massives sont aussi peu hospitalières que ses profondeurs regorgent de minéraux précieux. Le joueur arrive sur cette planète dans le but de monter une entreprise d’excavation de matériaux, dans un premier temps tout seul, puis peu à peu aidé par des employés auxquels il faudra assigner des postes, ordonner des actions et dont il faudra gérer les besoins en eau, climatisation, sommeil, etc… 

Pour réussir à organiser son activité sur cette planète, le joueur devra conduire des véhicules futuristes imposants, en première personne. Certains seront pour creuser, d’autres pour trouver des gisements, et d''autres pour acheminer des matériaux à la base.

Avec l’argent gagné par la vente, le joueur pourra engager des employés pour faire des tâches à sa place, acheter de plus grands véhicules ou des améliorations pour ces derniers, agrandir sa base, et gérer le coût de maintenance de ses équipements.


Le joueur devra faire attentions aux périls présents sur cette planète, qu’il s’agisse de la chaleur, du manque d’eau, des créatures qui pourraient attaquer les convois, des pirates qui en voudraient aux marchandises, mais aussi aux tempêtes, aux enlisements et au bon entretien des véhicules pour qu’ils ne tombent pas en panne.

Quelle est l''origine du projet ? :


Les origines de BIG Drill proviennent d''une envie d''allier certains styles de jeux qui nous plaisent dans un mélange nouveau et intéressant. Notre souhait est de créer un jeu de simulation industrielle, dans notre cas, il s''agit d''une entreprise d''excavation, en manipulant des véhicules spécialisés (exploration, extraction, transport) à la manière du jeu Farming Simulator. Nous souhaitons mêler ce style à celui du jeu de gestion, le tout en première personne avec une interface diégétique, à savoir, entièrement intégré dans l''univers. Nous sommes aussi beaucoup inspirés par Satisfactory, moins sérieux et moins axé sur une simulation réaliste, et plus centré sur un gameplay agréable et sur l''amusement en jeu. 

Le monde nous est venu en nous inspirant divers univers tels que l''univers de Dune pour sa planète désertique, de Destiny pour son époque hybride moderne/futuriste, et de Satisfactory, pour ne citer que les principaux. 

La raison pour laquelle nous avons décidé de proposer ce projet comme projet Ydays, est l''envie de monter en compétences sur la gestion de projets, mais aussi de tenter l''expérience de simuler un studio de jeux vidéo indépendant. Nous souhaitons aller de la production à la communication, car il s''agit d''un projet qui peut nous apporter beaucoup d''expérience sans risque. Nous sommes donc dans une logique d''apprentissage.'),
    (4, 'Legends of Arena', 'Un jeu de combat en arène stratégique et passionnant ! Incarnez des classes de guerriers légendaires du monde entier à travers des auras magiques. Choisissez parmi une variété de classes RPG classiques, développez vos compétences, équipez-vous et battez-vous pour la gloire !', 'C''est quoi ton projet ? Présente le : :

Mon projet est un jeu vidéo intitulé "Legends of Arena". Il s''agit d''un jeu de combat en arène stratégique qui offre aux joueurs la possibilité de s''incarner dans des classes emblématiques à travers des auras magiques. Ces classes sont inspirées des guerriers légendaires de différentes cultures et époques, leur permettant de plonger dans des rôles de combattants historiques.



Le jeu se déroule dans l''atmosphère majestueuse d''un colisée antique, où les joueurs s''affrontent dans des combats épiques en tour par tour. Les combats sont automatisés, mais les joueurs peuvent choisir parmi une variété de compétences actives et passives pour personnaliser leurs personnages et créer des builds uniques.



L''objectif ultime de "Legends of Arena" est de devenir le champion incontesté du colisée en défiant d''autres joueurs et en remportant des victoires glorieuses. Le jeu vise à offrir une expérience de jeu stratégique et immersive tout en célébrant la diversité culturelle et historique à travers ses classes de combattants.



Développé sur Unity, "Legends of Arena" sera disponible sur différentes plateformes, permettant aux joueurs du monde entier de s''immerger dans des combats légendaires au cœur de l''arène du colisée. Rejoignez-nous pour une aventure passionnante où l''histoire et la stratégie se rencontrent dans un jeu de combat captivant !

Quelle est l''origine du projet ? :

"L''origine du projet "Legends of Arena" découle de ma passion pour les jeux vidéo, la mythologie et l''histoire. Mon intérêt pour ces domaines m''a inspiré à créer un jeu qui combine l''excitation des combats en arène avec des éléments de stratégie plus complexes et profonds, le tout dans un univers où les classes de combattants sont incarnées à travers des auras magiques.



Mon expérience avec des jeux mobiles de stratégie, notamment "Summoners War", a également été une source d''inspiration pour le développement de "Legends of Arena". En explorant des jeux de ce genre, j''ai apprécié la profondeur des mécanismes de combat stratégique, la variété des personnages et des compétences, ainsi que l''importance de l''équilibrage du gameplay pour une expérience équitable et compétitive.



Ainsi, pour "Legends of Arena", mon ambition est de créer un jeu qui offre une expérience de jeu immersive et captivante, tout en permettant aux joueurs de découvrir la richesse de la mythologie et de l''histoire à travers des combats épiques et stratégiques dans l''arène du colisée.



À l''état de projet, "Legends of Arena" vise à proposer une diversité de classes de combattants, chacune représentant un guerrier légendaire de différentes cultures et époques. Les joueurs pourront utiliser des compétences actives et passives pour créer des builds uniques et stratégiques dans un environnement de colisée antique.



Je suis déterminé à développer "Legends of Arena" en gardant à l''esprit les leçons apprises des jeux de stratégie et d''arène que j''ai appréciés, tout en apportant des idées nouvelles et stimulantes pour offrir une expérience de jeu inoubliable pour les amateurs de jeux de combat en arène et de stratégie.



En résumé, "Legends of Arena" est un projet passionnant qui vise à allier l''excitation des combats en arène avec des mécanismes stratégiques profonds, tout en célébrant la richesse de la mythologie et de l''histoire à travers des combattants légendaires de différentes cultures et époques. Mon objectif est de créer un jeu qui captivera les joueurs et leur offrira une expérience de jeu unique et immersive dans l''arène du colisée."'),
    (3, 'Mordus game', 'Mordus est un jeu de type “souls like” dans un univers désertique inspiré par le Moyen Orient. Mordus est un jeu semi narratif hardcore , promouvant une difficulté de jeu assez élevé. Il comporte plusieurs races, des combats de boss épiques et un système d’équipement complet. Il offre aux nouveaux joueurs un challenge complet et aux joueurs aguerris un vent de fraîcheur dans le genre.', 'C''est quoi ton projet ? Présente le :

Mordus est un jeu de type « souls-like », qui se
déroule dans une contrée fictive appelé « Rehadam ». C’est un jeu semi narratif hardcore, qui
possède une difficulté de jeu assez élevé. Il comporte plusieurs races, des
combats de boss épiques et un système d’équipement complet. Nous pourrons
choisir entre plusieurs races, ces races nous donnerons des statistiques de
base et des passifs qui leurs sont propre, seul l’équipement détermine la
classe. Cela veut dire que n’importe quelle race peut être un archer comme un
mage ou un chevalier. Le but du jeu est d’affronter des ennemis puis des boss
pour avancer dans le niveau/monde, afin de combattre le boss final. Pour
l’aider dans sa quête le joueur aura des points à investir pour augmenter certaines
de ses statistiques pour ce spécialisé dans une classe précise. De plus, il
aura accès à des meilleurs équipements à force d’évoluer dans le monde.

Quelle est l''origine du projet ? :

Le projet est né
d’un manque de projet pour les personnes de la filière 3D et le manque de
projet sérieux/concret pour les personnes de la filière 3D. Le but est d’avoir
un projet valorisant et se rapprochant du milieu professionnel, afin de
renforcer un portefolio ou un CV.'),

(6, 'Inkarnation', 'Ce projet a pour but de réaliser un jeu de rôle (type donjons et dragons) en format jeu de cartes, qui puisse être sorti en plusieurs tirages à la fin de la première année.', 'C''est quoi ton projet ? Présente le :

Le but du projet est de réaliser un jeu permettant aux non-initiés de découvrir les jeux de rôles sans avoir besoin d''un maître du jeu tout en ayant un cadre défini. 

Le Jeu sera un jeu de rôle s''apparentant à Donjons et Dragons, reprenant quelques concepts déjà présent dans celui-ci avec l''addition de nouvelles mécaniques.

En tant que membre de ce projet, vous participerez à la pré-production du jeu, principalement en créant les visuels qui viendront illustrer les cartes mais aussi par l''élaboration du GDD (game-design document)

Vous contribuerez également à la promotion du jeu et concrétiserez la faisabilité de sa mise en vente.

Ce projet a déjà un client en la personne de Nicolas Calpetard, Master 2 en 3D/jeu vidéo.

Quelle est l''origine du projet ? :

Nicolas Calpetard (Master 2 3D/Jeu vidéo) est à l''origine de ce projet, il se place en tant que client au sein de ce projet et m''a confié la direction de ce projet.');

INSERT INTO User (id, pseudo, email, level, class, phone, mdpHash) VALUES
(1, 'user1', 'user1@example.com', 3, 'Informatique', '1234567850', 'hash123'),
(2, 'user2', 'user2@example.com', 2, 'Audiovisuel', '8765432150', 'hash456'),
(3, 'user3', 'user3@example.com', 5, 'Market-Communication', '1357924650', 'hash789'),
(4, 'user4', 'user4@example.com', 4, '3D-Animation', '6429371550', 'hashabc'),
(5, 'user5', 'user5@example.com', 1, 'Web-Design', '9876543250', 'hashdef'),
(6, 'user6', 'user6@example.com', 3, 'Informatique', '5647382950', 'hashghi'),
(7, 'user7', 'user7@example.com', 2, 'Audiovisuel', '2938475650', 'hashjkl'),
(8, 'user8', 'user8@example.com', 4, 'Market-Communication', '7182936450', 'hashmno'),
(9, 'user9', 'user9@example.com', 1, '3D-Animation', '3847569150', 'hashpqr'),
(10, 'user10', 'user10@example.com', 5, 'Web-Design', '9273648550', 'hashtuv'),
(11, 'user11', 'user11@example.com', 3, 'Informatique', '6574839250', 'hashwxy'),
(12, 'user12', 'user12@example.com', 2, 'Audiovisuel', '2948573650', 'hashzab'),
(13, 'user13', 'user13@example.com', 4, 'Market-Communication', '1827364550', 'hashcde'),
(14, 'user14', 'user14@example.com', 1, '3D-Animation', '9384756150', 'hashfgh'),
(15, 'user15', 'user15@example.com', 5, 'Web-Design', '5061728350', 'hashijk'),
(16, 'user16', 'user16@example.com', 4, 'Informatique', '3948571250', 'hashlmn'),
(17, 'user17', 'user17@example.com', 1, 'Audiovisuel', '9283746550', 'hashopq'),
(18, 'user18', 'user18@example.com', 3, 'Market-Communication', '6475839250', 'hashrst'),
(19, 'user19', 'user19@example.com', 2, '3D-Animation', '3847562950', 'hashuvw'),
(20, 'user20', 'user20@example.com', 5, 'Web-Design', '7192843650', 'hashxyz');
(21, 'userTest', 'userTest@example.com', 5, 'Informatique', '0543685215', 'hashxyz');

INSERT INTO Tag (id, name) VALUES
(1, 'Programming'),
(2, 'Design'),
(3, 'Marketing'),
(4, 'Animation'),
(5, 'Web Development'),
(6, 'Database'),
(7, 'Mobile Development'),
(8, 'UI/UX Design'),
(9, 'Social Media'),
(10, 'Game Development'),
(11, 'AI'),
(12, 'Cybersecurity'),
(13, 'Cloud Computing'),
(14, 'IoT'),
(15, 'Blockchain');

INSERT INTO TagRelation (idProject, idTag) VALUES
(1, 1),
(1, 3),
(2, 2),
(3, 4),
(4, 5),
(5, 1),
(6, 8),
(6, 10),
(7, 4),
(8, 9),
(9, 5),
(10, 3),
(10, 6),
(11, 7),
(11, 8),
(12, 2),
(12, 4),
(13, 5),
(14, 1),
(15, 6),
(15, 8),
(16, 9),
(17, 7),
(18, 10),
(19, 6),
(19, 10),
(20, 1),
(20, 3),
(1, 11),
(2, 12),
(3, 13),
(4, 14),
(5, 15),
(6, 11),
(7, 12),
(8, 13),
(9, 14),
(10, 15);


INSERT INTO Freelancer (idUser, price, skill, description) VALUES
(1, 20, 'I am a highly skilled freelancer with expertise in computer programming, software development, and system architecture. Proficient in multiple programming languages, I excel in creating efficient and scalable solutions for various projects. My skills extend to audiovisual production, where I bring creativity to life through video editing, animation, and multimedia creation. Additionally, I possess a deep understanding of 3D design and animation, producing captivating visuals for diverse applications. In the realm of marketing and communication, I leverage my technical background to develop innovative strategies, ensuring effective communication and promotion of products or services.', 'I am currently working on a dynamic software project that involves creating a user-friendly interface and implementing advanced functionalities. This project encompasses elements of audiovisual content, incorporating engaging multimedia to enhance user experience. The 3D and animation aspects bring a unique flair to the project, setting it apart in terms of visual appeal. The marketing and communication strategy involves positioning the product for optimal market reach, utilizing targeted campaigns and effective messaging. This comprehensive project showcases my diverse skill set, bringing together technology, creativity, and strategic thinking to deliver a top-tier solution.'),
(2, 45, 'As a freelancer, my skills span across the fields of IT, audiovisual production, 3D modeling, and marketing. With a strong foundation in software development, I specialize in creating robust applications tailored to client needs. In the audiovisual realm, I excel in video production, editing, and animation, bringing visual stories to life. My proficiency in 3D design allows me to create immersive and realistic environments. In marketing and communication, I leverage my technical expertise to develop effective campaigns that resonate with the target audience.', 'I am currently working on a multimedia project that integrates cutting-edge technology with artistic expression. This project involves developing a custom software solution, incorporating visually stunning 3D animations and captivating audiovisual content. The marketing strategy focuses on creating a buzz around the project, utilizing social media and targeted advertising. This multifaceted project not only demonstrates my technical prowess but also showcases my ability to deliver compelling and marketable products.'),
(3, 30, 'I bring a diverse set of skills to the freelance world, covering IT, audiovisual production, 3D animation, and marketing. My expertise lies in developing scalable and efficient software solutions, addressing complex challenges in the IT domain. In audiovisual production, I specialize in creating visually appealing content through video editing, animation, and multimedia production. The 3D and animation skills add a creative edge to my repertoire. In marketing and communication, I excel in crafting strategic plans to elevate brand visibility and engagement.', 'Currently, I am involved in a project that combines technology and creativity. This project entails developing a software solution with a focus on user experience, incorporating 3D elements and engaging audiovisual content. The marketing aspect involves creating a cohesive brand image and executing targeted communication strategies. This project reflects my ability to seamlessly integrate technology and creativity to deliver impactful solutions.'),
(4, 10, 'Development of Custom Games.\nCreation of bespoke video games using languages such as Unity and C#, with expertise in mobile and web-based game development.\n\nConception de Jeux et Game Design.\nExpertise in game design, including user experience (UX) design, game mechanics and storytelling, for compelling game experiences.\n\nMulti-platform development.\nAdapting games for different platforms such as PC, consoles, and mobile, to maximise reach and accessibility.\n\nMaintenance et Mises à Jour.\nWe offer ongoing maintenance and update services to guarantee the durability and quality of the games we develop.\n\nWeb Development and Cloud Services Integration.\nCompétence dans le développement web et l''intégration de services cloud pour des fonctionnalités en ligne dans les jeux.', 'Virtual Life Simulation.\nTo develop a realistic life simulation game, offering players the chance to create and manage avatars in a virtual environment, simulating various aspects of everyday life.\n\nVirtual Reality (VR) Educational Game.\nTo create an educational virtual reality game focusing on interactive learning. This project could explore subjects such as history, science or foreign languages in an immersive way.\n\nMulti-platform strategy.\nDesign a multi-platform real-time strategy game, allowing players to compete on different devices, including PCs, consoles and mobiles, with seamless synchronisation between platforms.\n\nInteractive narrative game.\nDeveloping an interactive narrative game offering an immersive experience where players'' choices directly influence the unfolding of the story, creating a unique experience for each user.\n\nOnline collaborative puzzle game.\nTo create an online puzzle game that allows several players to collaborate in real time to solve complex puzzles, encouraging cooperation and team problem-solving.'),
(5, 15, 'I am a freelancer with a strong foundation in IT, audiovisual production, 3D modeling, and marketing. My expertise in software development extends to creating efficient and reliable applications. In the audiovisual realm, I specialize in video editing, animation, and multimedia production, bringing a creative touch to visual storytelling. Proficient in 3D design, I can create immersive and realistic environments. In marketing and communication, I leverage my technical skills to craft compelling campaigns and strategies.', 'Currently, I am working on an exciting project that combines technology and creativity. This project involves developing a software solution with a user-centric approach, integrating visually stunning 3D animations and captivating audiovisual content. The marketing strategy focuses on creating a strong brand presence through targeted campaigns and strategic communication. This project showcases my ability to seamlessly blend technology and creativity to deliver impactful solutions.'),
(6, 75, 'I am a highly skilled freelancer proficient in IT, audiovisual production, 3D animation, and marketing. My expertise in software development allows me to create robust and scalable solutions for diverse applications. In audiovisual production, I excel in video editing, animation, and multimedia production, adding a creative dimension to visual storytelling. With advanced skills in 3D design, I can create immersive and realistic environments. In marketing and communication, I leverage my technical background to develop effective strategies for brand promotion.', 'Currently, I am immersed in a challenging project that integrates cutting-edge technology with creative expression. This project involves developing a custom software solution with a focus on user experience, incorporating visually stunning 3D animations and engaging audiovisual content. The marketing aspect revolves around creating a strong brand identity through targeted campaigns and strategic communication. This project exemplifies my ability to merge technology and creativity to deliver impactful solutions.'),
(7, 60, 'I am a versatile freelancer with a strong skill set in information technology, audiovisual production, 3D animation, and marketing communication. In the IT domain, I excel in software development, system architecture, and database management. My audiovisual expertise includes video editing, animation, and multimedia production, bringing creativity to visual storytelling. Proficient in 3D design, I can create immersive and realistic environments. In marketing and communication, I leverage my technical background to develop effective strategies for brand promotion and engagement.', 'Currently, I am engaged in a multifaceted project that integrates technology and creativity. This project involves developing a custom software solution with a user-centric approach, incorporating visually stunning 3D animations and engaging audiovisual content. The marketing strategy focuses on creating a strong brand identity through targeted campaigns and strategic communication. This project showcases my ability to seamlessly blend technology and creativity to deliver impactful solutions.'),
(8, 25, 'I am a skilled freelancer specializing in information technology, audiovisual production, 3D modeling, and marketing communication. In the IT field, I am proficient in software development, coding, and system architecture. My audiovisual expertise includes video editing, animation, and multimedia production, adding a creative touch to visual storytelling. With advanced skills in 3D design, I can create immersive and realistic environments. In marketing and communication, I develop strategic plans to enhance brand visibility and engagement.', 'Presently, I am involved in an exciting project that combines technology and creativity. This project entails developing a software solution with a focus on user experience, integrating visually stunning 3D animations and engaging audiovisual content. The marketing aspect revolves around creating a cohesive brand identity through targeted campaigns and strategic communication. This project highlights my ability to merge technology and creativity to deliver impactful solutions.'),
(9, 80, 'I bring a diverse skill set to the freelance world, covering information technology, audiovisual production, 3D animation, and marketing communication. In IT, I specialize in software development, coding, and database management. My audiovisual skills include video editing, animation, and multimedia production, enhancing visual storytelling. Proficient in 3D design, I can create immersive and realistic environments. In marketing and communication, I excel in developing strategic plans for brand promotion and engagement.', 'Currently, I am immersed in a challenging project that integrates cutting-edge technology with creative expression. This project involves developing a custom software solution with a focus on user experience, incorporating visually stunning 3D animations and engaging audiovisual content. The marketing strategy revolves around creating a strong brand identity through targeted campaigns and strategic communication. This project exemplifies my ability to merge technology and creativity to deliver impactful solutions.'),
(10, 15, 'I am a freelancer with expertise in information technology, audiovisual production, 3D modeling, and marketing communication. In IT, I specialize in software development, coding, and system architecture. My audiovisual skills include video editing, animation, and multimedia production, bringing creativity to visual storytelling. Proficient in 3D design, I can create immersive and realistic environments. In marketing and communication, I develop strategic plans to enhance brand visibility and engagement.', 'Presently, I am working on an innovative project that combines technology and creativity. This project involves developing a software solution with a focus on user experience, integrating visually stunning 3D animations and engaging audiovisual content. The marketing aspect revolves around creating a cohesive brand identity through targeted campaigns and strategic communication. This project highlights my ability to merge technology and creativity to deliver impactful solutions.'),
(11, 40, 'I am a highly skilled freelancer with expertise in information technology, audiovisual production, 3D animation, and marketing communication. In IT, I specialize in software development, coding, and database management. My audiovisual skills include video editing, animation, and multimedia production, bringing creativity to visual storytelling. Proficient in 3D design, I can create immersive and realistic environments. In marketing and communication, I develop strategic plans for brand promotion and engagement.', 'Currently, I am engaged in a dynamic project that integrates technology and creativity. This project involves developing a custom software solution with a user-centric approach, incorporating visually stunning 3D animations and engaging audiovisual content. The marketing strategy focuses on creating a strong brand identity through targeted campaigns and strategic communication. This project showcases my ability to seamlessly blend technology and creativity to deliver impactful solutions.'),
(12, 70, 'I am a seasoned freelancer with a robust skill set spanning information technology, audiovisual production, 3D animation, and marketing communication. In the realm of IT, I specialize in software development, coding, and system architecture, delivering scalable and efficient solutions. My audiovisual expertise includes video editing, animation, and multimedia production, adding a creative flair to visual storytelling. Proficient in 3D design, I can craft immersive and realistic environments. In marketing and communication, I excel in developing strategic plans to elevate brand visibility and engagement.', 'I am currently engaged in a dynamic project that integrates cutting-edge technology with creative expression. This project involves developing a custom software solution with a user-centric approach, incorporating visually stunning 3D animations and engaging audiovisual content. The marketing strategy focuses on creating a strong brand identity through targeted campaigns and strategic communication. This project exemplifies my ability to seamlessly blend technology and creativity to deliver impactful solutions.'),
(13, 20, 'I bring diverse skills as a freelancer, encompassing information technology, audiovisual production, 3D animation, and marketing communication. In the IT domain, I specialize in software development, coding, and database management, ensuring the creation of robust applications. My audiovisual proficiency includes video editing, animation, and multimedia production, enriching visual storytelling. With advanced skills in 3D design, I can create immersive and realistic environments. In marketing and communication, I devise strategic plans to enhance brand visibility and engagement.', 'Currently, I am working on an innovative project that combines technology and creativity. This project involves developing a software solution with a focus on user experience, integrating visually stunning 3D animations and engaging audiovisual content. The marketing aspect revolves around creating a cohesive brand identity through targeted campaigns and strategic communication. This project highlights my ability to merge technology and creativity to deliver impactful solutions.'),
(14, 90, 'I am a highly skilled freelancer proficient in information technology, audiovisual production, 3D animation, and marketing communication. In IT, I specialize in software development, coding, and system architecture, ensuring the creation of efficient solutions. My audiovisual expertise includes video editing, animation, and multimedia production, adding a creative touch to visual storytelling. With advanced skills in 3D design, I can craft immersive and realistic environments. In marketing and communication, I develop strategic plans for brand promotion and engagement.', 'Presently, I am immersed in a challenging project that integrates cutting-edge technology with creative expression. This project involves developing a custom software solution with a focus on user experience, incorporating visually stunning 3D animations and engaging audiovisual content. The marketing strategy revolves around creating a strong brand identity through targeted campaigns and strategic communication. This project exemplifies my ability to merge technology and creativity to deliver impactful solutions.'),
(15, 10, 'I am a freelancer with a diverse skill set, covering information technology, audiovisual production, 3D modeling, and marketing communication. In IT, I specialize in software development, coding, and database management, ensuring the creation of reliable applications. My audiovisual skills include video editing, animation, and multimedia production, enriching visual storytelling. Proficient in 3D design, I can create immersive and realistic environments. In marketing and communication, I devise strategic plans to enhance brand visibility and engagement.', 'Presently, I am working on an exciting project that combines technology and creativity. This project involves developing a software solution with a user-centric approach, integrating visually stunning 3D animations and engaging audiovisual content. The marketing aspect focuses on creating a cohesive brand identity through targeted campaigns and strategic communication. This project highlights my ability to seamlessly blend technology and creativity to deliver impactful solutions.'),
(16, 50, 'I am a freelancer with expertise in information technology, audiovisual production, 3D animation, and marketing communication. In IT, I specialize in software development, coding, and system architecture, delivering reliable solutions. My audiovisual skills include video editing, animation, and multimedia production, adding a creative dimension to visual storytelling. Proficient in 3D design, I can craft immersive and realistic environments. In marketing and communication, I excel in developing strategic plans for brand promotion and engagement.', 'Currently, I am engaged in a dynamic project that integrates cutting-edge technology with creative expression. This project involves developing a custom software solution with a user-centric approach, incorporating visually stunning 3D animations and engaging audiovisual content. The marketing strategy focuses on creating a strong brand identity through targeted campaigns and strategic communication. This project showcases my ability to seamlessly blend technology and creativity to deliver impactful solutions.'),
(17, 80, 'As a versatile freelancer, I bring a rich skill set encompassing information technology, audiovisual production, 3D animation, and marketing communication. In the IT domain, I specialize in software development, coding, and system architecture, ensuring the delivery of efficient solutions. My audiovisual proficiency includes video editing, animation, and multimedia production, adding a creative edge to visual storytelling. With advanced skills in 3D design, I can create immersive and realistic environments. In marketing and communication, I excel in developing strategic plans for brand promotion and engagement.', 'I am currently involved in an exciting project that merges technology and creativity. This project focuses on developing a custom software solution with a user-centric approach, integrating visually stunning 3D animations and engaging audiovisual content. The marketing strategy emphasizes creating a strong brand identity through targeted campaigns and strategic communication. This project showcases my ability to seamlessly blend technology and creativity to deliver impactful solutions.'),
(18, 30, 'I am a freelancer with a diverse skill set spanning information technology, audiovisual production, 3D animation, and marketing communication. In the IT domain, I specialize in software development, coding, and database management, ensuring the creation of reliable applications. My audiovisual skills include video editing, animation, and multimedia production, enriching visual storytelling. Proficient in 3D design, I can create immersive and realistic environments. In marketing and communication, I devise strategic plans to enhance brand visibility and engagement.', 'Currently, I am engaged in a dynamic project that combines technology and creativity. This project involves developing a software solution with a user-centric approach, integrating visually stunning 3D animations and engaging audiovisual content. The marketing aspect focuses on creating a cohesive brand identity through targeted campaigns and strategic communication. This project highlights my ability to seamlessly blend technology and creativity to deliver impactful solutions.'),
(19, 50, 'I bring extensive expertise as a freelancer with proficiency in information technology, audiovisual production, 3D animation, and marketing communication. In the IT domain, I specialize in software development, coding, and system architecture, ensuring the delivery of efficient solutions. My audiovisual proficiency includes video editing, animation, and multimedia production, adding a creative edge to visual storytelling. With advanced skills in 3D design, I can create immersive and realistic environments. In marketing and communication, I excel in developing strategic plans for brand promotion and engagement.', 'I am currently working on an innovative project that integrates technology and creativity. This project involves developing a custom software solution with a user-centric approach, incorporating visually stunning 3D animations and engaging audiovisual content. The marketing strategy revolves around creating a strong brand identity through targeted campaigns and strategic communication. This project exemplifies my ability to seamlessly blend technology and creativity to deliver impactful solutions.'),
(20, 10, 'I am a highly skilled freelancer with expertise in information technology, audiovisual production, 3D animation, and marketing communication. In IT, I specialize in software development, coding, and database management, ensuring the creation of reliable applications. My audiovisual skills include video editing, animation, and multimedia production, enriching visual storytelling. Proficient in 3D design, I can create immersive and realistic environments. In marketing and communication, I devise strategic plans to enhance brand visibility and engagement.', 'Presently, I am working on an exciting project that combines technology and creativity. This project involves developing a software solution with a user-centric approach, integrating visually stunning 3D animations and engaging audiovisual content. The marketing aspect focuses on creating a cohesive brand identity through targeted campaigns and strategic communication. This project highlights my ability to seamlessly blend technology and creativity to deliver impactful solutions.');
