INSERT INTO
    Project (idLeader, name, summary, description)
VALUES
    (17, 'Abyssal Dungeon', 'Êtes-vous prêt à relever le défi d''Abyssal Dungeon, à affronter l''inconnu et à plonger dans les abysses pour découvrir votre véritable héritage ?  Oserez-vous braver la folie pour répondre aux questions qui hantent votre esprit depuis trop longtemps ?', 'C''est quoi ton projet ? Présente le :


Abyssal Dungeon est un RPG/Rogue-like où l''ennemi est le donjon lui-même. 
Cependant, les personnages entrant dans le donjon ne se doutent pas qu''il est sans fin et pensent devoir expier leurs péchés commis avant leur mort. 

Vous traverserez différents biomes représentant les abysses tout au long de votre recherche de réponses. 
Votre personnage sera unique en fonction de vos choix concernant ses caractéristiques et ses compétences. Nous avons opté pour un jeu en pixel art avec une vue 3/4 à la manière de The Binding of Isaac. 
Le labyrinthe et la disposition des salles seront générés de manière aléatoire.  Tous les 5 niveaux, un boss sera à vaincre, et vous serez récompensé en conséquence.

Venez postuler pour cette aventure au sein d''une équipe conviviale et motivée !
Transmettez-nous votre Discord dans votre candidature



Quelle est l''origine du projet ? :

Le projet est né de la volonté de permettre à des passionnés de créer ce qu''ils aiment avec une petite équipe d''amis déterminés. 

L''objectif est de s''amuser tout en réussissant à créer un jeu qui réponde à nos attentes en tant que joueurs.'),
    (98, 'Big Drill', 'Big Drill est un jeu vidéo de gestion, où le joueur doit conduire des véhicules et gérer ses employés, pour exploiter des mines sur une planète désertique.', 'C''est quoi ton projet ? Présente le :

BIG Drill est un jeu vidéo qui se déroule sur une planète désertique bien loin de la Terre dont les dunes massives sont aussi peu hospitalières que ses profondeurs regorgent de minéraux précieux. Le joueur arrive sur cette planète dans le but de monter une entreprise d’excavation de matériaux, dans un premier temps tout seul, puis peu à peu aidé par des employés auxquels il faudra assigner des postes, ordonner des actions et dont il faudra gérer les besoins en eau, climatisation, sommeil, etc… 

Pour réussir à organiser son activité sur cette planète, le joueur devra conduire des véhicules futuristes imposants, en première personne. Certains seront pour creuser, d’autres pour trouver des gisements, et d''autres pour acheminer des matériaux à la base.

Avec l’argent gagné par la vente, le joueur pourra engager des employés pour faire des tâches à sa place, acheter de plus grands véhicules ou des améliorations pour ces derniers, agrandir sa base, et gérer le coût de maintenance de ses équipements.


Le joueur devra faire attentions aux périls présents sur cette planète, qu’il s’agisse de la chaleur, du manque d’eau, des créatures qui pourraient attaquer les convois, des pirates qui en voudraient aux marchandises, mais aussi aux tempêtes, aux enlisements et au bon entretien des véhicules pour qu’ils ne tombent pas en panne.

Quelle est l''origine du projet ? :


Les origines de BIG Drill proviennent d''une envie d''allier certains styles de jeux qui nous plaisent dans un mélange nouveau et intéressant. Notre souhait est de créer un jeu de simulation industrielle, dans notre cas, il s''agit d''une entreprise d''excavation, en manipulant des véhicules spécialisés (exploration, extraction, transport) à la manière du jeu Farming Simulator. Nous souhaitons mêler ce style à celui du jeu de gestion, le tout en première personne avec une interface diégétique, à savoir, entièrement intégré dans l''univers. Nous sommes aussi beaucoup inspirés par Satisfactory, moins sérieux et moins axé sur une simulation réaliste, et plus centré sur un gameplay agréable et sur l''amusement en jeu. 

Le monde nous est venu en nous inspirant divers univers tels que l''univers de Dune pour sa planète désertique, de Destiny pour son époque hybride moderne/futuriste, et de Satisfactory, pour ne citer que les principaux. 

La raison pour laquelle nous avons décidé de proposer ce projet comme projet Ydays, est l''envie de monter en compétences sur la gestion de projets, mais aussi de tenter l''expérience de simuler un studio de jeux vidéo indépendant. Nous souhaitons aller de la production à la communication, car il s''agit d''un projet qui peut nous apporter beaucoup d''expérience sans risque. Nous sommes donc dans une logique d''apprentissage.'),
    (34, 'Legends of Arena', 'Un jeu de combat en arène stratégique et passionnant ! Incarnez des classes de guerriers légendaires du monde entier à travers des auras magiques. Choisissez parmi une variété de classes RPG classiques, développez vos compétences, équipez-vous et battez-vous pour la gloire !', 'C''est quoi ton projet ? Présente le : :

Mon projet est un jeu vidéo intitulé "Legends of Arena". Il s''agit d''un jeu de combat en arène stratégique qui offre aux joueurs la possibilité de s''incarner dans des classes emblématiques à travers des auras magiques. Ces classes sont inspirées des guerriers légendaires de différentes cultures et époques, leur permettant de plonger dans des rôles de combattants historiques.



Le jeu se déroule dans l''atmosphère majestueuse d''un colisée antique, où les joueurs s''affrontent dans des combats épiques en tour par tour. Les combats sont automatisés, mais les joueurs peuvent choisir parmi une variété de compétences actives et passives pour personnaliser leurs personnages et créer des builds uniques.



L''objectif ultime de "Legends of Arena" est de devenir le champion incontesté du colisée en défiant d''autres joueurs et en remportant des victoires glorieuses. Le jeu vise à offrir une expérience de jeu stratégique et immersive tout en célébrant la diversité culturelle et historique à travers ses classes de combattants.



Développé sur Unity, "Legends of Arena" sera disponible sur différentes plateformes, permettant aux joueurs du monde entier de s''immerger dans des combats légendaires au cœur de l''arène du colisée. Rejoignez-nous pour une aventure passionnante où l''histoire et la stratégie se rencontrent dans un jeu de combat captivant !

Quelle est l''origine du projet ? :

"L''origine du projet "Legends of Arena" découle de ma passion pour les jeux vidéo, la mythologie et l''histoire. Mon intérêt pour ces domaines m''a inspiré à créer un jeu qui combine l''excitation des combats en arène avec des éléments de stratégie plus complexes et profonds, le tout dans un univers où les classes de combattants sont incarnées à travers des auras magiques.



Mon expérience avec des jeux mobiles de stratégie, notamment "Summoners War", a également été une source d''inspiration pour le développement de "Legends of Arena". En explorant des jeux de ce genre, j''ai apprécié la profondeur des mécanismes de combat stratégique, la variété des personnages et des compétences, ainsi que l''importance de l''équilibrage du gameplay pour une expérience équitable et compétitive.



Ainsi, pour "Legends of Arena", mon ambition est de créer un jeu qui offre une expérience de jeu immersive et captivante, tout en permettant aux joueurs de découvrir la richesse de la mythologie et de l''histoire à travers des combats épiques et stratégiques dans l''arène du colisée.



À l''état de projet, "Legends of Arena" vise à proposer une diversité de classes de combattants, chacune représentant un guerrier légendaire de différentes cultures et époques. Les joueurs pourront utiliser des compétences actives et passives pour créer des builds uniques et stratégiques dans un environnement de colisée antique.



Je suis déterminé à développer "Legends of Arena" en gardant à l''esprit les leçons apprises des jeux de stratégie et d''arène que j''ai appréciés, tout en apportant des idées nouvelles et stimulantes pour offrir une expérience de jeu inoubliable pour les amateurs de jeux de combat en arène et de stratégie.



En résumé, "Legends of Arena" est un projet passionnant qui vise à allier l''excitation des combats en arène avec des mécanismes stratégiques profonds, tout en célébrant la richesse de la mythologie et de l''histoire à travers des combattants légendaires de différentes cultures et époques. Mon objectif est de créer un jeu qui captivera les joueurs et leur offrira une expérience de jeu unique et immersive dans l''arène du colisée."'),
    (273, 'Mordus game', 'Mordus est un jeu de type “souls like” dans un univers désertique inspiré par le Moyen Orient. Mordus est un jeu semi narratif hardcore , promouvant une difficulté de jeu assez élevé. Il comporte plusieurs races, des combats de boss épiques et un système d’équipement complet. Il offre aux nouveaux joueurs un challenge complet et aux joueurs aguerris un vent de fraîcheur dans le genre.', 'C''est quoi ton projet ? Présente le :

Mordus est un jeu de type « souls-like », qui se
déroule dans une contrée fictive appelé « Rehadam ». C’est un jeu semi narratif hardcore, qui
possède une difficulté de jeu assez élevé. Il comporte plusieurs races, des
combats de boss épiques et un système d’équipement complet. Nous pourrons
choisir entre plusieurs races, ces races nous donnerons des statistiques de
base et des passifs qui leurs sont propre, seul l’équipement détermine la
classe. Cela veut dire que n’importe quelle race peut être un archer comme un
mage ou un chevalier. Le but du jeu est d’affronter des ennemis puis des boss
pour avancer dans le niveau/monde, afin de combattre le boss final. Pour
l’aider dans sa quête le joueur aura des points à investir pour augmenter certaines
de ses statistiques pour ce spécialisé dans une classe précise. De plus, il
aura accès à des meilleurs équipements à force d’évoluer dans le monde.

Quelle est l''origine du projet ? :

Le projet est né
d’un manque de projet pour les personnes de la filière 3D et le manque de
projet sérieux/concret pour les personnes de la filière 3D. Le but est d’avoir
un projet valorisant et se rapprochant du milieu professionnel, afin de
renforcer un portefolio ou un CV.'),

(496, 'Inkarnation', 'Ce projet a pour but de réaliser un jeu de rôle (type donjons et dragons) en format jeu de cartes, qui puisse être sorti en plusieurs tirages à la fin de la première année.', 'C''est quoi ton projet ? Présente le :

Le but du projet est de réaliser un jeu permettant aux non-initiés de découvrir les jeux de rôles sans avoir besoin d''un maître du jeu tout en ayant un cadre défini. 

Le Jeu sera un jeu de rôle s''apparentant à Donjons et Dragons, reprenant quelques concepts déjà présent dans celui-ci avec l''addition de nouvelles mécaniques.

En tant que membre de ce projet, vous participerez à la pré-production du jeu, principalement en créant les visuels qui viendront illustrer les cartes mais aussi par l''élaboration du GDD (game-design document)

Vous contribuerez également à la promotion du jeu et concrétiserez la faisabilité de sa mise en vente.

Ce projet a déjà un client en la personne de Nicolas Calpetard, Master 2 en 3D/jeu vidéo.

Quelle est l''origine du projet ? :

Nicolas Calpetard (Master 2 3D/Jeu vidéo) est à l''origine de ce projet, il se place en tant que client au sein de ce projet et m''a confié la direction de ce projet.');

INSERT INTO User (id, pseudo, email, level, class, phone, mdpHash) VALUES
(1, 'user1', 'user1@example.com', 3, 'Informatique', '12345678', 'hash123'),
(2, 'user2', 'user2@example.com', 2, 'Audiovisuel', '87654321', 'hash456'),
(3, 'user3', 'user3@example.com', 5, 'Market-Communication', '13579246', 'hash789'),
(4, 'user4', 'user4@example.com', 4, '3D-Animation', '64293715', 'hashabc'),
(5, 'user5', 'user5@example.com', 1, 'Web-Design', '98765432', 'hashdef'),
(6, 'user6', 'user6@example.com', 3, 'Informatique', '56473829', 'hashghi'),
(7, 'user7', 'user7@example.com', 2, 'Audiovisuel', '29384756', 'hashjkl'),
(8, 'user8', 'user8@example.com', 4, 'Market-Communication', '71829364', 'hashmno'),
(9, 'user9', 'user9@example.com', 1, '3D-Animation', '38475691', 'hashpqr'),
(10, 'user10', 'user10@example.com', 5, 'Web-Design', '92736485', 'hashtuv'),
(11, 'user11', 'user11@example.com', 3, 'Informatique', '65748392', 'hashwxy'),
(12, 'user12', 'user12@example.com', 2, 'Audiovisuel', '29485736', 'hashzab'),
(13, 'user13', 'user13@example.com', 4, 'Market-Communication', '18273645', 'hashcde'),
(14, 'user14', 'user14@example.com', 1, '3D-Animation', '93847561', 'hashfgh'),
(15, 'user15', 'user15@example.com', 5, 'Web-Design', '50617283', 'hashijk'),
(16, 'user16', 'user16@example.com', 4, 'Informatique', '39485712', 'hashlmn'),
(17, 'user17', 'user17@example.com', 1, 'Audiovisuel', '92837465', 'hashopq'),
(18, 'user18', 'user18@example.com', 3, 'Market-Communication', '64758392', 'hashrst'),
(19, 'user19', 'user19@example.com', 2, '3D-Animation', '38475629', 'hashuvw'),
(20, 'user20', 'user20@example.com', 5, 'Web-Design', '71928436', 'hashxyz');

-- Sample data for Tag table
INSERT INTO Tag (id, name) VALUES
(1, 'Programming'),
(2, 'Design'),
(3, 'Marketing'),
(4, 'Animation'),
(5, 'Web Development'),
(6, 'Database'),
(7, 'Mobile Development'),
(8, 'UI/UX Design'),
(9, 'Social Media'),
(10, 'Game Development'),
(11, 'AI'),
(12, 'Cybersecurity'),
(13, 'Cloud Computing'),
(14, 'IoT'),
(15, 'Blockchain');

-- Sample data for TagRelation table
INSERT INTO TagRelation (idProject, idTag) VALUES
(1, 1),
(1, 3),
(2, 2),
(3, 4),
(4, 5),
(5, 1),
(6, 8),
(6, 10),
(7, 4),
(8, 9),
(9, 5),
(10, 3),
(10, 6),
(11, 7),
(11, 8),
(12, 2),
(12, 4),
(13, 5),
(14, 1),
(15, 6),
(15, 8),
(16, 9),
(17, 7),
(18, 10),
(19, 6),
(19, 10),
(20, 1),
(20, 3),
(1, 11),
(2, 12),
(3, 13),
(4, 14),
(5, 15),
(6, 11),
(7, 12),
(8, 13),
(9, 14),
(10, 15);